{
  "result": {
    "item": "lucraftcore:injection",
		"nbt": "{\"Injection\": \"infinityinjections:infused_infinity\"}"
  },
  "type": "forge:ore_shaped",
  "pattern": [
    "789",
    "526",
    "314"
  ],
  "key": {
    "1": {
      "item": "forge:bucketfilled",
		"nbt": "{FluidName:\"radioactive_acid\",Amount:1000}"
    },
	"2": {
      "item": "lucraftcore:injection",
		"nbt": "{\"Injection\": \"infinityinjections:perfected_infinityv2\"}"
    },
	"3": {
	  "item": "weather2:tornado_sensor"
	},
	"4": {
	  "item": "weather2:tornado_siren"
	},
	"5": {
	  "item": "weather2:wind_vane"
	},
	"6": {
	  "item": "weather2:weather_forecast"
	},
	"7": {
	  "item": "weather2:weather_machine"
	},
	"8": {
	  "item": "weather2:weather_deflector"
	},
	"9": {
	  "item": "weather2:anemometer"
	}
  }
} 