{
    "input": {
        "item": "speedsterheroes:tachyon_charge",
		"nbt": "{Progress:5000}"
    },

    "input_container": {
        "item": "lucraftcore:injection",
		"nbt": "{\"Injection\": \"speedsterheroes:speedforce\"}"
    },
    
    "input_fluid": {
        "fluid": "infinity",
        "amount": 5000
    },
    
    "energy": 100000,
    
    "outputs": {
        "primary": {
            "item": "lucraftcore:injection",
            "nbt": "{\"Injection\": \"infinityinjections:boosted_infinity\"}",
            "chance": 1.0
        },
		"secondary": {
			"item": "lucraftcore:injection",
			"nbt": "{\"Injection\": \"speedsterheroes:speedforce\"}",
			"chance": 0.6
		}
    }
}