{
    "input": {
        "item": "minecraft:enchanting_table"
    },

    "input_container": {
        "item": "lucraftcore:injection",
		"nbt": "{\"Injection\": \"infinityinjections:perfected_infinity\"}"
    },
    
    "input_fluid": {
        "fluid": "infinity",
        "amount": 5000
    },
    
    "energy": 100000,
    
    "outputs": {
        "primary": {
            "item": "lucraftcore:injection",
            "nbt": "{\"Injection\": \"infinityinjections:enchanted_infinity\"}",
            "chance": 1.0
        }
    }
}