{
    "input": {
        "item": "harvestcraft:gigapickleitem"
    },

    "input_container": {
        "item": "lucraftcore:injection",
		"nbt": "{\"Injection\": \"infinityinjections:perfected_infinity\"}"
    },
    
    "input_fluid": {
        "fluid": "radioactive_acid",
        "amount": 5000
    },
    
    "energy": 100000,
    
    "outputs": {
        "primary": {
            "item": "lucraftcore:injection",
            "nbt": "{\"Injection\": \"infinityinjections:pickled_infinity\"}",
            "chance": 1.0
        }
    }
}