{
	"name" : {
		"text": "Infused Infinity"
	},

	"icon": {
		"type": "texture",
		"texture": "infinityinjections:textures/icons/rgb_icon.png"
	},
	
	"max_level": 0,
	
	"capsule_color" : 26047,
	
	"abilities": {
		"health_boost": {
"ability": "lucraftcore:health",
"show_in_bar": false,
"title": {"text":"Health Boost"},
"icon": { "type": "internal" },
"bar_color": "light_gray",
"amount": 5000.0,
"operation": 0,
"uuid": "e2badff2-3070-4de0-b69e-ddb5481243ea"
		},
		"healing": {
"ability": "lucraftcore:healing",
"show_in_bar": false,
"title": {"text":"Healing"},
"icon": { "type": "internal" },
"bar_color": "light_gray",
"frequency": 2,
"amount": 200.0	
		},		
        "black_hole": {
"ability": "heroesexpansion:black_hole",
"cooldown": 150,
"show_in_bar": true,
"title": {"text":"Black Hole"},
"icon": { "type": "internal" },
"bar_color": "light_blue"
        },		
        "force_field": {
"ability": "heroesexpansion:force_field",
"cooldown": 0,
"show_in_bar": true,
"title": {"text":"Force Field"},
"icon": { "type": "internal" },
"bar_color": "light_blue",
"color": [2, 85, 255]
        },		
		"invisibility": {
"ability": "lucraftcore:invisibility",
"cooldown": 0,
"show_in_bar": true,
"title": {"text":"Invisibility"},
"icon": { "type": "internal" },
"bar_color": "light_blue"
		},		
		"energy_blast": {
"ability": "lucraftcore:energy_blast",
"cooldown": 0,
"show_in_bar": true,
"title": {"text":"Energy Blast"},
"icon": {"type": "texture", "texture": "infinityinjections:textures/icons/abilities/powers/energy_blast_orange.png"},
"bar_color": "purple",
"damage": 50.0,
"color": [203, 113, 69]
        },		
		"tendrils": {
"ability": "star-tech:tendrils",
"cooldown": 25,
"show_in_bar": true,
"title": {"text":"Tendrils"},
"icon": { "type": "internal" },
"bar_color": "purple"
		},		
		"rocket_burst": {
"ability": "star-tech:power_rocket_burst",
"cooldown": 25,
"show_in_bar": true,
"title": {"text":"Rocket Burst"},
"icon": { "type": "internal" },
"bar_color": "purple"
		},
		"dimesion_shatter": {
"ability": "speedsterheroes:dimension_breach",
"cooldown": 0,
"show_in_bar": true,
"title": {"text":"Dimension Shatter"},		
"icon": {"type": "texture", "texture": "infinityinjections:textures/icons/abilities/powers/tempa_portal.png"},				
"bar_color": "yellow"	
		},
		"screech": {
"ability": "the-fifth-world:screech",
"cooldown": 0,
"show_in_bar": true,
"title": {"text":"Screech"},
"icon": { "type": "internal" },
"bar_color": "yellow",
"damage": 2.0
		},		
		"phasing": {
"ability": "speedsterheroes:phasing",
"cooldown": 0,
"show_in_bar": true,
"title": {"text":"Phasing"},
"icon": { "type": "internal" },
"bar_color": "yellow"
		},		
		"call_weapon": {
"ability": "heroesexpansion:call_weapon",
"cooldown": 25,
"show_in_bar": true,
"title": {"text":"Call Weapon"},
"icon": { "type": "internal" },
"bar_color": "orange"
		},		
		"god_mode": {
"ability": "heroesexpansion:god_mode",
"cooldown": 100,
"show_in_bar": true,
"title": {"text":"God Mode"},
"icon": { "type": "internal" },
"bar_color": "orange",
"damage": 14.0
		},		
		"turn_into_bubbles": {
"ability": "speedsterheroes:turn_into_bubbles",
"cooldown": 25,
"show_in_bar": true,
"title": {"text":"Turn Into Bubbles"},
"icon": { "type": "internal" },
"bar_color": "red"
		},	
		"time_remnant": {
"ability": "speedsterheroes:time_remnant",
"cooldown": 200,
"show_in_bar": true,
"title": {"text":"Time Remnant"},
"icon": { "type": "internal" },
"bar_color": "red"
		},		
		"fast_forward": {
"ability": "infinity:fast_forward",
"show_in_bar": true,
"title": {"text":"Fast Forward"},
"icon": { "type": "internal" },
"bar_color": "green"
		},	
		"stop_time": {
"ability": "infinity:stop_time",
"cooldown": 25,
"show_in_bar": true,
"title": {"text":"Stop Time"},
"icon": { "type": "internal" },
"bar_color": "green"
		},		
		"summon_zombie": {
"ability": "the-fifth-world:summon_entity",
"cooldown": 0,
"show_in_bar": true,
"title": {"text":"Summon Zombie"},
"icon": { "type": "texture", "texture": "infinityinjections:textures/icons/abilities/powers/mob_icons/zombie_icon.png" },
"bar_color": "gray",
"entity": "minecraft:zombie",
"number": 1
		},		
		"summon_bat": {
"ability": "the-fifth-world:summon_entity",
"cooldown": 0,
"show_in_bar": true,
"title": {"text":"Summon Bat"},
"icon": { "type": "texture", "texture": "infinityinjections:textures/icons/abilities/powers/mob_icons/bat_icon.png" },
"bar_color": "gray",
"entity": "minecraft:bat",
"number": 1
		},
		"slow_time": {
"ability": "lucraftcore:command",
"cooldown": 0,
"show_in_bar": true,
"title": {"text":"Slow Time"},
"icon": { "type": "texture", "texture": "infinityinjections:textures/icons/abilities/powers/locked.png" },
"bar_color": "light_gray",
"commands": 
["tickrate 1.5 server", "title @p actionbar \"All Entitys Slowed\" "]
		},
		"unslow_time": {
"ability": "lucraftcore:command",
"cooldown": 0,
"show_in_bar": true,
"title": {"text":"Unslow Time"},
"icon": { "type": "texture", "texture": "infinityinjections:textures/icons/abilities/powers/unlocked.png" },
"bar_color": "light_gray",
"commands": ["tickrate 20 server", "title @p actionbar \"All Entitys Unslowed\" "]
			},
		"strength": {
"ability": "lucraftcore:strength",
"show_in_bar": false,
"title": {"text":"Strength"},
"icon": { "type": "internal" },
"bar_color": "light_gray",
"amount": 40.0,
"operation": 0,
"uuid": "cdb84e67-6951-493d-bbb3-7f42085a3cc2"
		},		
		"punch": {
"ability": "lucraftcore:punch",
"show_in_bar": false,
"title": {"text":"Punch"},
"icon": { "type": "internal" },
"bar_color": "light_gray",
"amount": 40.0,
"operation": 0,
"uuid": "3442fb7d-06ae-42e1-87cd-e2c492ed09b8"
		},		
		"sprint": {
"ability": "lucraftcore:sprint",
"show_in_bar": false,
"title": {"text":"Sprint"},
"icon": { "type": "internal" },
"bar_color": "light_gray",
"amount": 0.6,
"operation": 0,
"uuid": "8584ca78-09ee-420d-8e65-a7f0e451f193"
		},		
		"resistance": {
"ability": "lucraftcore:resistance",
"show_in_bar": false,
"title": {"text":"Resistance"},
"icon": { "type": "internal" },
"bar_color": "light_gray",
"amount": 45.0,
"operation": 2,
"uuid": "0669d99d-b34d-40fc-a4d8-c7ee963cc842"
		},		
		"fall_resistance": {
"ability": "lucraftcore:fall_resistance",
"show_in_bar": false,
"title": {"text":"Fall Resistance"},
"icon": { "type": "internal" },
"bar_color": "light_gray",
"amount": 25.0,
"operation": 0,
"uuid": "d4be3e94-e8ca-494f-845a-1797a3212333"

		},		
		"fire_resistance": {
"ability": "lucraftcore:fire_resistance",
"show_in_bar": false,
"title": {"text":"Fire Resistance"},
"icon": { "type": "internal" },
"bar_color": "light_gray"
		},		
		"step_assist": {
"ability": "lucraftcore:step_assist",
"show_in_bar": false,
"title": {"text":"Step Assist"},
"icon": { "type": "internal" },
"bar_color": "light_gray",
"amount": 1.0,
"operation": 0,
"uuid": "c92c8772-350e-4582-9fb7-013c4a2ef701"
		},		
		"knockback_resistance": {
"ability": "lucraftcore:knockback_resistance",
"show_in_bar": false,
"title": {"text":"Knockback Resistance"},
"icon": { "type": "internal" },
"bar_color": "light_gray",
"amount": 6.0,
"operation": 0,
"uuid": "f8323d4b-af45-4b73-a07b-d8fc396bcdbf"
		},		
		"water_breathing": {
"ability": "lucraftcore:water_breathing",
"show_in_bar": false,
"title": {"text":"Water Breathing"},
"icon": { "type": "internal" },
"bar_color": "light_gray"
		},		
		"tough_lungs": {
"ability": "lucraftcore:tough_lungs",
"show_in_bar": false,
"title": {"text":"Tough Lungs"},
"icon": { "type": "internal" },
"bar_color": "light_gray"
		},		
		"poison_immunity": {
"ability": "the-fifth-world:potion_immunity",
"show_in_bar": false,
"title": {"text":"Poison Immunity"},
"icon": { "type": "internal" },
"bar_color": "light_gray",
"potion": "minecraft:poison"
		},		
		"slowness_immunity": {
"ability": "the-fifth-world:potion_immunity",
"show_in_bar": false,
"title": {"text":"Slowness Immunity"},
"icon": { "type": "internal" },
"bar_color": "light_gray",
"potion": "minecraft:slowness"
		},		
		"nausea_immunity": {
"ability": "the-fifth-world:potion_immunity",
"show_in_bar": false,
"title": {"text":"Nausea Immunity"},
"icon": { "type": "internal" },
"bar_color": "light_gray",
"potion": "minecraft:nausea"
		},		
		"blindness_immunity": {
"ability": "the-fifth-world:potion_immunity",
"show_in_bar": false,
"title": {"text":"Blindness Immunity"},
"icon": { "type": "internal" },
"bar_color": "light_gray",
"potion": "minecraft:blindness"
		},		
		"weakness_immunity": {
"ability": "the-fifth-world:potion_immunity",
"show_in_bar": false,
"title": {"text":"Weakness Immunity"},
"icon": { "type": "internal" },
"bar_color": "light_gray",
"potion": "minecraft:weakness"
		},		
		"fatigue_immunity": {
"ability": "the-fifth-world:potion_immunity",
"show_in_bar": false,
"title": {"text":"Fatigue Immunity"},
"icon": { "type": "internal" },
"bar_color": "light_gray",
"potion": "minecraft:mining_fatigue"
		},		
		"wither_immunity": {
"ability": "the-fifth-world:potion_immunity",
"show_in_bar": false,
"title": {"text":"Wither Immunity"},
"icon": { "type": "internal" },
"bar_color": "light_gray",
"potion": "minecraft:wither"
		},		
		"radiation_immunity": {
"ability": "the-fifth-world:potion_immunity",
"show_in_bar": false,
"title": {"text":"Radiation Immunity"},
"icon": { "type": "internal" },
"bar_color": "light_gray",
"potion": "lucraftcore:radiation"
		},		
		"chitauri_immunity": {
"ability": "the-fifth-world:potion_immunity",
"show_in_bar": false,
"title": {"text":"Chitauri Immunity"},
"icon": { "type": "internal" },
"bar_color": "light_gray",
"potion": "heroesexpansion:chitauri_virus"
		},		
		"burnout_immunity": {
"ability": "the-fifth-world:potion_immunity",
"show_in_bar": false,
"title": {"text":"Burnout Immunity"},
"icon": { "type": "internal" },
"bar_color": "light_gray",
"potion": "star-tech:burnout"
		},		
		"saturation": {
"ability": "infinity:saturation",
"show_in_bar": false,
"title": {"text":"Saturation"},
"icon": { "type": "internal" },
"bar_color": "light_gray"
		},
		"select_mild": {
"ability": "lucraftcore:command",
"cooldown": 0,
"show_in_bar": true,
"title": {"text": "Select Mild Weather"},
"icon": { "type": "texture", "texture": "infinityinjections:textures/icons/abilities/powers/select_mild.png" },
"bar_color": "black",
"commands": ["scoreboard objectives add mild dummy","execute @p[score_mild=1] ~ ~ ~ /scoreboard players set @p mild 5", "scoreboard players remove @p mild 1", "execute @p[score_mild_min=1,score_mild=1] ~ ~ ~ /title @p actionbar \"F5 Tornado\" ", "execute @p[score_mild_min=2,score_mild=2] ~ ~ ~ /title @p actionbar \"F0 Tornado\" ", "execute @p[score_mild_min=3,score_mild=3] ~ ~ ~ /title @p actionbar \"Rain\" ", "execute @p[score_mild_min=4,score_mild=4] ~ ~ ~ /title @p actionbar \"Wind\" "]
		},
		"create_mild": {
"ability": "lucraftcore:command",
"cooldown": 0,
"show_in_bar": true,
"title": {"text": "Create Mild Weather"},
"icon": { "type": "texture", "texture": "infinityinjections:textures/icons/abilities/powers/create_mild.png" },
"bar_color": "black",
"commands": ["execute @p[score_mild_min=1,score_mild=1] ~ ~ ~ /weather2 storm create F5", "execute @p[score_mild_min=2,score_mild=2] ~ ~ ~ /weather2 storm create F0", "execute @p[score_mild_min=3,score_mild=3] ~ ~ ~ /weather2 storm create rain", "execute @p[score_mild_min=4,score_mild=4] ~ ~ ~ /weather2 storm create wind"]
		},
		"select_strong": {
"ability": "lucraftcore:command",
"cooldown": 0,
"show_in_bar": true,
"title": {"text": "Select Strong Weather"},
"icon": { "type": "texture", "texture": "infinityinjections:textures/icons/abilities/powers/select_strong.png" },
"bar_color": "black",
"commands": ["scoreboard objectives add strong dummy","execute @p[score_strong=0] ~ ~ ~ /scoreboard players set @p strong 5", "scoreboard players remove @p strong 1", "execute @p[score_strong_min=0,score_strong=0] ~ ~ ~ /title @p actionbar \"Hail\" ", "execute @p[score_strong_min=1,score_strong=1] ~ ~ ~ /title @p actionbar \"Thunder\" ", "execute @p[score_strong_min=2,score_strong=2] ~ ~ ~ /title @p actionbar \"Hurricane\" ", "execute @p[score_strong_min=3,score_strong=3] ~ ~ ~ /title @p actionbar \"C5 Cyclone\" ", "execute @p[score_strong_min=4,score_strong=4] ~ ~ ~ /title @p actionbar \"C0 Cyclone\" "]
		},
		"create_strong": {
"ability": "lucraftcore:command",
"cooldown": 0,
"show_in_bar": true,
"title": {"text": "Create Strong Weather"},
"icon": { "type": "texture", "texture": "infinityinjections:textures/icons/abilities/powers/create_strong.png" },
"bar_color": "black",
"commands": ["execute @p[score_strong_min=0,score_strong=0] ~ ~ ~ /weather2 storm create hail","execute @p[score_strong_min=1,score_strong=1] ~ ~ ~ /weather2 storm create thunder", "execute @p[score_strong_min=2,score_strong=2] ~ ~ ~ /weather2 storm create hurricane", "execute @p[score_strong_min=3,score_strong=3] ~ ~ ~ /weather2 storm create C5", "execute @p[score_strong_min=4,score_strong=4] ~ ~ ~ /weather2 storm create C0"]
		},
		"end_storms": {
"ability": "lucraftcore:command",
"cooldown": 0,
"show_in_bar": true,
"title": {"text": "End Storms"},
"icon": { "type": "texture", "texture": "infinityinjections:textures/icons/abilities/powers/end_storms.png" },
"bar_color": "black",
"commands": ["weather2 storm killall"]
		},
		"telekinesis": {
"ability": "heroesexpansion:grab_entity",
"cooldown": 0,
"show_in_bar": true,
"title": {"text":"Telekinesis"},
"icon": { "type": "texture", "texture": "infinityinjections:textures/icons/abilities/powers/telekinesis.png" },
"bar_color": "light_blue"
		},
		"teleport": {
"ability": "lucraftcore:teleport",
"cooldown": 25,
"show_in_bar": true,
"title": {"translate":"lucraftcore.abilities.teleport.name"},
"icon": { "type": "texture", "texture": "infinityinjections:textures/icons/abilities/powers/teleport.png" },
"bar_color": "light_blue",
"distance": 60
		},		
		"portal": {
"ability": "heroesexpansion:portal",
"cooldown": 125,
"show_in_bar": true,
"title": {"text":"Space Portal"},
"icon": { "type": "texture", "texture": "infinityinjections:textures/icons/abilities/powers/perma_portal.png" },
"bar_color": "light_blue"
		},
		"jump_boost": {
"ability": "lucraftcore:jump_boost",
"show_in_bar": false,
"title": {"text":"Jump Boost"},
"icon": { "type": "internal" },
"bar_color": "light_gray",
"amount": 1.0,
"operation": 0,
"uuid": "b51e059c-b27e-402b-a374-b21b310e9776"
		}
	}
}